{
  "generated_at": "2026-04-14T16:28:37.934119+00:00",
  "seed": 42,
  "n_samples": 1200,
  "n_folds": 15,
  "rf_auc_per_fold": [
    0.7924958073640209,
    0.7886967418546366,
    0.7818327451127631,
    0.8152859836580768,
    0.7645058023209285,
    0.764397773916547,
    0.7575620540649181,
    0.7842646016803321,
    0.747486145590411,
    0.733575079952658,
    0.7591873015873016,
    0.7379409104612602,
    0.763538819718595,
    0.7169186790039871,
    0.7366734781402154
  ],
  "logreg_auc_per_fold": [
    0.8144977597557008,
    0.8112531328320802,
    0.7990788716177317,
    0.82926461345066,
    0.7807122849139656,
    0.7879177054216715,
    0.7843935282886143,
    0.8162516449033304,
    0.7672709947591463,
    0.7698370728513511,
    0.8047238095238094,
    0.7571600844136268,
    0.7784694807166717,
    0.7310614609192808,
    0.7637932339362749
  ],
  "rf_brier_per_fold": [
    0.1856023969947087,
    0.18839296033715627,
    0.19068109932886032,
    0.17912450275341069,
    0.1952420852296954,
    0.1962571618980735,
    0.19885244303973074,
    0.18946962542455092,
    0.2025737279692695,
    0.2072473337297827,
    0.2001988431775979,
    0.20727575106942153,
    0.19571767667629644,
    0.21484898006280617,
    0.2052516656077447
  ],
  "mean_rf_auc": 0.7629574616284435,
  "mean_logreg_auc": 0.7863790452202609,
  "std_rf_auc": 0.025391120023658627,
  "mean_rf_brier": 0.19711575021994038,
  "feature_importances": {
    "ofi_signal": 0.5205547802352144,
    "day_of_week_sin": 0.08975054006786962,
    "realized_vol_28d": 0.08960143038512534,
    "har_rv_signal": 0.08793683696634337,
    "gex_signal": 0.08642838144132516,
    "hour_of_day_sin": 0.0858474122689845,
    "regime_vol_code": 0.02149858121439789,
    "regime_trend_code": 0.018382037420739867
  },
  "calibration_bins": [
    [
      0.09180415485474647,
      0.0
    ],
    [
      0.16520702532751055,
      0.15047021943573669
    ],
    [
      0.2532073043337899,
      0.28983688833124216
    ],
    [
      0.35043423680580116,
      0.37323279924599434
    ],
    [
      0.4466227953853577,
      0.38990332975295383
    ],
    [
      0.5491030263809628,
      0.5581818181818182
    ],
    [
      0.6537978942070225,
      0.7173202614379085
    ],
    [
      0.7521383705511082,
      0.7942430703624733
    ],
    [
      0.8406883219072135,
      0.8703956343792633
    ],
    [
      0.9142086105488986,
      0.8571428571428571
    ]
  ],
  "smoke_gate_rf_auc_min": 0.55,
  "smoke_gate_pass": true
}